Year,Shark attacks,Ice cream consumption,Nic Cage movie releases,Drowning deaths,Cheese consumption,Boys named Kevin,Google searches for Goblin,Divorces,Billion-dollar disasters,Average temperature
2005,61,15.1,2,3976,25.31,10948,123,847000,6,53.63
2006,63,15.3,3,3930,25.995,10806,108,872000,8,54.24
2007,71,14.8,3,3792,26.373,10560,103,856000,5,53.64
2008,59,14.2,1,3858,26.186,9809,102,844000,12,52.28
2009,63,13.9,4,3846,26.385,8801,106,840000,9,52.38
2010,79,14.0,2,4038,26.86,7337,136,872000,7,52.98
2011,75,13.2,5,3556,26.99,6583,155,877000,18,53.17
2012,83,13.2,1,3551,27.03,6239,130,851000,11,55.27
2013,77,13.0,3,3391,27.116,5956,149,832157,10,52.42
2014,73,12.4,4,3406,27.785,5916,172,813862,10,52.53
2015,98,12.8,2,3602,28.422,5198,140,800909,11,54.38
2016,81,12.9,5,3786,29.47,4563,192,776288,15,54.9
2017,89,12.3,4,3657,30.064,3843,414,787251,19,54.54
2018,68,11.9,7,3767,30.937,3143,280,782038,16,53.51
2019,64,12.2,7,4067,31.229,2622,222,746971,14,52.66
2020,57,12.7,2,4589,30.962,2393,253,630505,22,54.36
2021,73,12.2,3,4677,32.069,2111,260,695509,20,54.5
2022,57,12.7,2,4509,32.358,2077,285,673989,19,53.38
2023,69,11.8,6,4310,32.311,1925,302,672502,27,54.36
2024,47,12.0,3,4329,31.891,1830,301,662950,27,55.48
